ID;BT1;BT2;BT3;BT4;BT5;SB BT;RV1;RV2;RV3;RV4;RV5;SB RV;FECHA
1671;15;28;36;37;41;10;3;9;10;21;40;10;22/04/2017
1672;1;2;25;31;33;14;9;12;16;28;38;1;26/04/2017
1673;6;19;25;28;36;1;8;21;22;37;38;4;29/04/2017
1674;5;6;7;12;37;6;5;12;15;20;42;14;03/05/2017
1675;1;20;36;39;43;10;3;5;8;20;24;14;06/05/2017
1676;12;19;22;35;38;1;3;4;29;40;43;4;10/05/2017
1677;11;19;27;28;37;8;14;22;24;25;32;7;13/05/2017
1678;15;21;26;28;36;3;1;20;25;27;34;3;17/05/2017
1679;1;11;28;31;41;9;4;13;20;31;33;8;20/05/2017
1680;7;22;29;32;41;14;11;28;31;33;41;7;24/05/2017
1681;8;12;20;36;40;1;17;28;29;37;40;14;27/05/2017
1682;12;13;25;31;42;16;5;20;21;25;26;3;31/05/2017
1683;3;26;33;34;38;16;8;10;19;22;30;3;03/06/2017
1684;3;20;33;34;40;14;3;13;16;20;26;1;07/06/2017
1685;13;20;26;29;40;7;22;25;26;40;43;14;10/06/2017
1686;2;9;12;34;40;7;5;13;17;22;40;13;14/06/2017
1687;9;20;24;31;33;16;10;19;32;38;40;14;17/06/2017
1688;4;6;14;17;29;5;12;21;25;27;34;10;21/06/2017
1689;3;4;9;20;32;11;1;3;7;16;32;4;24/06/2017
1690;18;22;32;37;39;2;4;7;8;24;41;13;28/06/2017
1691;10;16;18;35;40;6;4;17;21;35;40;1;01/07/2017
1692;20;22;25;37;43;8;16;25;31;32;34;5;05/07/2017
1693;1;7;12;19;21;8;13;15;16;31;37;14;08/07/2017
1694;7;23;30;33;36;4;1;11;19;20;37;5;12/07/2017
1695;7;23;24;34;39;4;26;29;30;35;36;6;15/07/2017
1696;14;15;20;25;40;12;9;10;27;35;42;12;19/07/2017
1697;6;9;15;37;42;16;4;29;30;31;42;16;22/07/2017
1698;1;27;31;34;36;11;17;18;31;34;39;14;26/07/2017
1699;3;13;14;17;23;2;11;14;23;30;35;12;29/07/2017
1700;1;22;31;32;37;16;4;17;33;34;35;14;02/08/2017
1701;14;25;28;37;41;13;2;6;8;12;29;13;05/08/2017
1702;4;5;9;13;40;15;3;12;14;23;21;10;09/08/2017
1703;15;16;18;19;37;11;10;12;27;34;40;10;12/08/2017
1704;6;14;32;34;42;10;4;6;20;29;38;12;16/08/2017
1705;1;5;6;13;26;6;2;6;14;20;27;1;19/08/2017
1706;13;15;18;26;43;3;16;22;24;41;43;9;23/08/2017
1707;1;6;12;18;36;9;10;12;15;41;43;6;26/08/2017
1708;4;24;28;36;39;5;13;17;30;34;43;14;30/08/2017
1709;1;4;13;23;33;9;19;31;32;34;41;12;02/09/2017
1710;8;16;19;35;41;13;1;2;7;28;38;12;06/09/2017
1711;1;2;20;31;43;8;5;20;34;35;43;5;09/09/2017
1712;7;11;23;41;43;11;27;39;40;41;42;16;13/09/2017
1713;10;17;24;37;42;6;2;15;16;22;28;11;16/09/2017
1714;10;16;19;23;34;11;4;11;18;36;41;1;20/09/2017
1715;4;15;22;23;38;11;23;24;30;34;41;1;23/09/2017
1716;1;10;28;35;41;4;5;18;19;26;31;9;27/09/2017
1717;3;10;13;21;38;10;17;23;24;36;38;1;30/09/2017
1718;24;31;32;33;34;6;2;4;21;27;42;3;04/10/2017
1719;19;22;29;38;39;2;13;16;24;35;36;12;07/10/2017
1720;2;10;21;23;35;9;6;9;10;13;22;8;11/10/2017
1721;18;27;38;40;41;16;2;21;31;34;42;1;14/10/2017
1722;17;26;27;28;40;7;2;12;16;24;40;7;18/10/2017
1723;2;4;9;15;24;11;11;12;19;32;33;3;21/10/2017
1724;11;21;31;32;39;1;4;12;28;33;43;13;25/10/2017
1725;13;20;28;35;40;3;5;22;24;33;43;12;28/10/2017
1726;22;24;28;34;42;8;8;20;22;37;43;3;01/11/2017
1727;15;20;25;29;43;10;10;19;20;21;24;10;04/11/2017
1728;2;4;10;17;37;6;7;8;10;42;43;2;08/11/2017
1729;1;18;22;30;39;1;9;13;14;17;34;8;11/11/2017
1730;11;18;23;32;40;2;7;16;24;35;43;10;15/11/2017
1731;8;12;22;29;39;11;3;6;7;28;40;7;18/11/2017
1732;9;12;18;37;41;13;10;11;30;36;43;11;22/11/2017
1733;15;21;25;26;31;4;1;10;14;34;42;15;25/11/2017
1734;2;5;7;9;28;13;2;8;11;29;32;10;29/11/2017
1735;2;14;21;27;28;1;2;14;27;37;41;3;02/12/2017
1736;3;23;28;29;32;2;2;3;8;26;40;12;06/12/2017
1737;11;15;23;24;25;7;4;29;36;38;39;2;09/12/2017
1738;11;23;33;36;42;4;10;19;20;22;31;3;13/12/2017
1739;17;23;25;29;31;6;1;4;5;23;26;12;16/12/2017
1740;8;14;20;22;42;7;20;28;30;31;41;9;20/12/2017
1741;6;8;13;29;31;13;2;6;10;15;24;4;23/12/2017
1742;2;13;14;26;42;8;7;21;32;33;34;9;27/12/2017
1743;14;30;35;37;40;14;6;18;22;29;40;15;30/12/2017
1744;1;2;33;34;41;10;19;26;27;30;32;15;03/01/2018
1745;1;2;4;5;13;10;3;7;10;18;40;9;06/01/2018
1746;1;5;9;29;42;8;11;13;17;25;38;6;10/01/2018
1747;7;10;24;31;43;5;6;9;29;32;33;3;13/01/2018
1748;6;17;23;27;32;7;2;6;8;24;37;3;17/01/2018
1749;2;6;16;23;43;1;10;24;36;38;42;4;20/01/2018
1750;6;11;12;17;40;14;1;11;21;37;38;6;24/01/2018
1751;12;13;15;18;31;1;2;6;14;15;39;4;27/01/2018
1752;12;19;27;28;41;4;25;29;32;35;41;13;31/01/2018
1753;1;4;14;21;42;16;12;16;22;31;32;15;03/02/2018
1754;4;23;27;29;34;12;3;5;17;30;37;8;07/02/2018
1755;5;6;14;16;35;9;2;19;27;37;40;4;10/02/2018
1756;9;12;18;32;38;7;5;24;29;41;43;6;14/02/2018
1757;10;23;25;26;33;1;16;23;28;30;40;12;17/02/2018
1758;18;34;37;39;41;2;3;14;26;31;40;6;21/02/2018
1759;5;6;9;39;42;16;1;12;20;25;35;4;24/02/2018
1760;7;16;18;37;40;8;10;18;21;22;33;13;28/02/2018
1761;15;28;31;32;35;12;2;11;19;21;23;8;03/03/2018
1762;8;23;24;32;36;13;20;23;26;34;37;12;07/03/2018
1763;4;17;27;28;42;4;4;7;17;18;20;9;10/03/2018
1764;6;20;25;27;43;4;13;20;26;36;40;14;14/03/2018
1765;7;17;18;30;33;3;6;8;12;17;31;2;17/03/2018
1766;10;14;18;20;33;6;1;3;6;18;20;16;21/03/2018
1767;17;26;28;29;42;11;8;17;20;21;32;7;24/03/2018
1768;3;11;18;24;37;11;1;4;36;37;43;14;28/03/2018
1769;9;15;19;27;30;2;10;12;17;20;32;14;31/03/2018
1770;4;7;10;36;41;4;4;22;29;32;40;3;04/04/2018
1771;13;15;24;33;40;9;10;14;30;37;42;1;07/04/2018
1772;7;20;36;42;43;7;10;11;15;23;38;12;11/04/2018
1773;1;12;28;30;33;3;19;25;29;36;43;6;14/04/2018
1774;3;23;31;35;40;15;14;16;32;34;39;7;18/04/2018
1775;10;12;16;17;27;6;24;31;32;34;42;12;21/04/2018
1776;14;27;34;37;43;13;22;27;28;30;34;16;25/04/2018
1777;10;18;19;36;43;13;1;2;5;14;30;1;28/04/2018
1778;7;37;38;39;41;3;18;32;35;42;43;3;02/05/2018
1779;5;6;14;26;31;11;5;10;16;35;39;8;05/05/2018
1780;11;12;39;40;43;1;4;20;27;32;40;16;09/05/2018
1781;6;10;23;31;34;3;11;16;18;34;36;7;12/05/2018
1782;13;16;28;34;37;1;3;4;8;19;24;11;16/05/2018
1783;12;13;23;35;39;16;8;21;33;34;42;15;19/05/2018
1784;8;11;17;23;39;7;2;23;25;33;36;4;23/05/2018
1785;9;12;16;18;34;11;4;8;17;23;38;2;26/05/2018
1786;6;15;19;27;42;16;7;8;27;38;39;2;30/05/2018
1787;3;16;19;20;23;8;4;8;12;19;30;1;02/06/2018
1788;1;7;12;26;43;14;2;23;27;28;34;9;06/06/2018
1789;1;4;18;21;42;2;13;28;31;35;43;2;09/06/2018
1790;2;8;20;25;27;4;2;3;12;19;35;12;13/06/2018
1791;3;20;22;24;36;6;1;11;14;15;40;7;16/06/2018
1792;7;8;18;25;43;6;7;11;14;30;42;12;20/06/2018
1793;11;12;25;33;39;7;4;19;30;34;43;8;23/06/2018
1794;16;20;29;33;40;3;21;24;31;39;42;14;27/06/2018
1795;3;16;18;30;34;16;4;32;35;36;37;16;30/06/2018
1796;5;7;20;34;37;4;1;13;20;22;32;14;04/07/2018
1797;8;11;22;35;41;10;4;15;30;38;42;1;07/07/2018
1798;6;17;31;32;41;13;3;7;10;13;21;15;11/07/2018
1799;4;13;14;16;33;5;1;5;13;22;23;12;14/07/2018
1800;21;32;33;34;37;11;16;23;25;26;36;16;18/07/2018
1801;12;25;32;33;41;10;5;15;21;22;39;11;21/07/2018
1802;2;13;25;36;43;15;13;15;24;29;30;11;25/07/2018
1803;2;11;26;33;40;15;2;8;19;23;37;1;28/07/2018
1804;2;5;9;11;42;9;7;8;17;32;37;4;01/08/2018
1805;6;16;20;24;30;11;3;18;23;28;43;15;04/08/2018
1806;5;33;34;41;43;7;3;9;29;31;41;5;08/08/2018
1807;2;3;22;28;37;8;24;33;35;36;41;5;11/08/2018
1808;1;12;20;39;41;13;6;19;30;34;35;9;15/08/2018
1809;6;12;16;21;33;5;7;25;31;33;41;8;18/08/2018
1810;10;12;34;35;36;9;11;12;17;27;41;13;22/08/2018
1811;3;22;26;29;36;7;4;16;18;22;27;13;25/08/2018
1812;17;27;37;38;40;3;3;6;9;24;30;2;29/08/2018
1813;3;8;10;15;39;9;5;16;25;39;41;9;01/09/2018
1814;4;22;26;29;36;13;12;14;16;25;28;15;05/09/2018
1815;8;9;19;23;38;14;4;8;18;20;24;12;08/09/2018
1816;3;18;34;42;43;4;2;5;17;20;23;3;12/09/2018
1817;2;5;9;34;42;13;6;27;28;36;40;4;15/09/2018
1818;8;24;26;33;35;6;9;22;25;30;40;6;19/09/2018
1819;20;23;35;36;41;14;2;8;20;22;28;6;22/09/2018
1820;2;4;6;7;13;2;5;6;15;27;30;6;26/09/2018
1821;10;14;20;21;41;11;9;18;25;38;39;10;29/09/2018
1822;5;18;19;25;41;11;23;26;28;37;43;13;03/10/2018
1823;8;16;25;36;37;12;14;20;28;36;37;12;06/10/2018
1824;19;26;33;34;42;8;6;7;16;38;39;12;10/10/2018
1825;11;21;27;41;43;12;7;23;33;35;36;8;13/10/2018
1826;5;13;14;35;42;11;16;17;23;34;36;8;17/10/2018
1827;19;20;34;38;39;3;3;17;21;28;31;16;20/10/2018
1828;1;7;11;16;23;3;6;14;15;28;30;15;24/10/2018
1829;6;20;33;36;41;9;8;12;15;27;35;16;27/10/2018
1830;8;17;21;25;40;16;5;26;31;39;40;16;31/10/2018
1831;9;14;28;33;43;1;3;10;28;29;33;5;03/11/2018
1832;8;20;32;36;40;8;11;14;16;19;33;11;07/11/2018
1833;5;23;24;29;43;2;8;10;30;35;40;1;10/11/2018
1834;11;20;21;23;32;12;1;6;17;26;35;6;14/11/2018
1835;10;12;13;32;38;2;11;13;14;23;42;14;17/11/2018
1836;1;15;19;21;42;8;4;6;18;32;42;1;21/11/2018
1837;5;13;22;34;43;2;9;10;15;22;24;11;24/11/2018
1838;2;4;16;30;40;3;2;4;32;33;41;9;28/11/2018
1839;3;6;23;25;38;1;12;19;20;33;39;12;01/12/2018
1840;1;14;15;18;25;13;2;30;32;35;36;12;05/12/2018
1841;14;20;24;25;39;7;1;15;24;29;33;13;08/12/2018
1842;4;17;36;37;43;11;7;22;25;32;33;10;12/12/2018
1843;4;13;25;31;33;5;1;8;10;12;40;16;15/12/2018
1844;15;27;28;41;42;4;2;32;34;41;43;10;19/12/2018
1845;3;7;11;39;41;2;1;40;41;42;43;8;22/12/2018
1846;9;13;31;33;41;3;3;23;30;32;40;10;26/12/2018
1847;10;14;29;30;42;2;2;6;22;28;34;9;29/12/2018
1848;9;14;25;26;37;7;1;9;17;33;42;10;02/01/2019
1849;10;14;19;39;41;1;10;13;21;34;43;11;05/01/2019
1850;5;20;27;30;38;16;1;4;8;14;41;3;09/01/2019
1851;2;19;22;28;32;11;21;31;33;35;41;9;12/01/2019
1852;6;13;15;26;31;3;12;17;27;29;32;8;16/01/2019
1853;8;15;28;38;42;7;8;18;19;32;42;15;19/01/2019
1854;7;9;16;24;31;3;8;12;29;30;31;1;23/01/2019
1855;3;7;11;19;25;3;5;20;26;34;37;7;26/01/2019
1856;16;18;19;21;38;7;9;10;13;14;37;10;30/01/2019
1857;16;17;21;22;43;3;20;22;23;26;28;10;02/02/2019
1858;1;10;23;38;43;7;16;17;31;36;38;4;06/02/2019
1859;3;5;30;37;39;12;11;13;18;21;37;1;09/02/2019
1860;1;5;6;8;27;14;5;17;27;29;30;3;13/02/2019
1861;19;25;28;31;40;11;6;13;14;30;34;5;16/02/2019
1862;3;10;32;40;42;15;2;19;25;26;28;12;20/02/2019
1863;3;7;14;19;22;4;3;5;7;13;16;13;23/02/2019
1864;6;10;12;18;39;7;3;20;24;27;28;9;27/02/2019
1865;6;22;25;28;40;5;10;14;29;35;37;1;02/03/2019
1866;2;4;12;18;35;7;7;11;17;18;43;5;06/03/2019
1867;24;29;34;35;40;13;1;8;12;14;30;7;09/03/2019
1868;6;8;13;14;37;6;1;8;10;15;40;2;13/03/2019
1869;5;16;26;32;36;3;1;14;31;34;42;14;16/03/2019
1870;6;22;33;36;41;13;17;26;30;37;40;13;20/03/2019
1871;18;20;21;35;43;5;6;24;27;32;39;2;23/03/2019
1872;3;15;20;23;25;11;3;9;15;29;41;2;27/03/2019
1873;6;17;24;39;43;16;2;9;18;31;42;13;30/03/2019
1874;3;4;22;40;41;14;3;20;22;33;35;9;03/04/2019
1875;20;29;32;34;37;6;7;13;28;34;40;15;06/04/2019
1876;15;18;24;34;39;4;5;7;8;14;28;9;10/04/2019
1877;6;7;8;27;34;14;4;18;22;34;41;10;13/04/2019
1878;3;4;31;34;43;14;2;9;15;30;32;8;17/04/2019
1879;10;17;24;29;43;14;1;12;13;19;27;4;20/04/2019
1880;4;8;32;34;40;4;12;13;14;31;35;9;24/04/2019
1881;1;13;32;37;43;10;2;15;30;37;38;13;27/04/2019
1882;1;4;8;19;27;5;9;15;24;31;36;3;01/05/2019
1883;4;11;12;16;26;2;9;11;31;35;36;10;04/05/2019
1884;1;4;21;30;43;15;11;15;23;26;39;3;08/05/2019
1885;3;11;27;39;41;4;13;19;28;39;42;15;11/05/2019
1886;3;17;25;39;42;4;14;22;23;31;38;9;15/05/2019
1887;3;4;20;25;37;12;13;26;33;35;40;13;18/05/2019
1888;9;16;20;28;37;5;3;18;24;34;36;4;22/05/2019
1889;2;10;14;34;40;14;4;6;20;27;35;13;25/05/2019
1890;1;2;22;29;42;16;6;20;22;30;34;5;29/05/2019
1891;1;3;17;23;32;16;7;17;18;24;28;4;01/06/2019
1892;1;4;8;22;37;13;13;16;17;22;25;1;05/06/2019
1893;10;25;29;35;37;5;3;29;30;36;37;3;08/06/2019
1894;3;8;25;28;40;2;1;5;8;20;29;13;12/06/2019
1895;10;14;27;35;41;12;2;3;12;29;31;3;15/06/2019
1896;4;10;20;32;33;15;9;10;26;30;36;10;19/06/2019
1897;15;16;24;26;32;10;2;5;12;38;40;7;22/06/2019
1898;6;12;15;26;35;7;18;31;33;34;42;8;26/06/2019
1899;2;12;16;26;30;2;8;26;31;38;39;11;29/06/2019
1900;1;2;3;10;31;1;3;4;22;38;43;12;03/07/2019
1901;1;8;21;34;35;10;15;20;25;35;43;9;06/07/2019
1902;9;12;31;33;43;11;2;4;19;27;34;3;10/07/2019
1903;2;18;29;37;39;13;3;20;28;37;39;4;13/07/2019
1904;6;12;14;15;38;10;7;9;11;13;38;15;17/07/2019
1905;10;11;15;31;38;5;5;19;20;22;34;11;20/07/2019
1906;3;12;24;25;26;12;6;10;14;21;26;15;24/07/2019
1907;9;13;18;19;33;9;5;16;18;25;30;1;27/07/2019
1908;10;20;25;28;30;3;2;3;10;24;28;11;31/07/2019
1909;2;11;33;36;38;11;4;11;24;26;27;5;03/08/2019
1910;6;27;32;40;42;1;4;25;31;38;43;12;07/08/2019
1911;6;29;34;41;42;16;15;29;32;40;43;16;10/08/2019
1912;7;22;25;36;37;3;7;15;22;23;42;2;14/08/2019
1913;10;12;25;27;41;3;7;15;27;32;40;5;17/08/2019
1914;6;8;13;28;29;8;8;14;28;36;43;13;21/08/2019
1915;4;8;12;17;35;12;17;24;25;40;42;4;24/08/2019
1916;11;18;29;35;37;6;3;15;26;31;34;3;28/08/2019
1917;17;18;33;41;42;8;8;15;21;27;32;3;31/08/2019
1918;2;11;18;23;43;14;2;7;16;26;41;2;04/09/2019
1919;11;14;20;30;34;7;4;7;11;39;43;6;07/09/2019
1920;6;19;23;25;41;7;10;18;23;29;41;7;11/09/2019
1921;1;19;31;37;39;11;1;2;5;21;35;12;14/09/2019
1922;18;23;28;33;35;12;14;20;23;33;38;10;18/09/2019
1923;21;23;26;37;43;11;2;25;26;28;35;1;21/09/2019
1924;4;11;14;16;36;15;9;10;14;41;42;11;25/09/2019
1925;1;9;27;29;35;13;1;7;19;22;34;3;28/09/2019
1926;3;10;20;30;39;11;4;8;14;29;41;10;02/10/2019
1927;19;23;26;30;36;11;3;4;7;13;24;14;05/10/2019
1928;4;9;10;35;40;11;2;7;26;32;33;12;09/10/2019
1929;2;8;9;12;39;13;7;9;10;22;39;8;12/10/2019
1930;5;13;14;26;31;15;3;20;24;37;38;11;16/10/2019
1931;4;8;19;20;35;9;4;9;10;17;25;6;19/10/2019
1932;12;19;20;29;43;1;1;12;23;29;38;9;23/10/2019
1933;2;11;24;28;39;3;1;19;31;36;41;15;26/10/2019
1934;3;10;16;25;41;8;7;18;21;23;28;13;30/10/2019
1935;2;3;4;12;16;10;11;19;20;27;28;4;02/11/2019
1936;7;16;19;20;37;2;11;18;30;40;42;10;06/11/2019
1937;2;10;16;23;25;11;4;8;10;26;32;3;09/11/2019
1938;8;11;13;18;27;12;8;14;20;23;28;7;13/11/2019
1939;3;7;23;30;35;5;6;21;23;31;32;15;16/11/2019
1940;2;14;16;17;31;2;1;10;15;20;28;15;20/11/2019
1941;17;18;20;27;29;11;2;5;13;27;41;7;23/11/2019
1942;11;19;29;36;40;7;8;18;22;23;28;11;27/11/2019
1943;2;3;18;21;36;13;8;22;24;25;40;12;30/11/2019
1944;10;15;16;29;39;16;2;4;18;28;33;11;04/12/2019
1945;12;15;16;38;39;10;2;10;36;37;40;15;07/12/2019
1946;4;13;24;39;41;1;8;15;26;32;37;3;11/12/2019
1947;11;21;33;39;43;8;1;8;9;22;23;7;14/12/2019
1948;8;19;22;25;38;2;6;7;15;38;40;16;18/12/2019
1949;8;14;17;23;37;13;13;21;22;24;32;16;21/12/2019
1950;21;30;35;36;41;2;9;19;20;35;39;12;25/12/2019
1951;2;9;17;27;42;11;1;9;20;33;41;9;28/12/2019
1952;24;26;35;36;41;9;8;18;19;22;38;11;01/01/2020
1953;4;9;15;24;29;7;4;8;16;31;37;7;04/01/2020
1954;10;11;15;28;35;11;4;15;17;19;25;1;08/01/2020
1955;1;4;29;32;33;2;10;20;23;28;39;8;11/01/2020
1956;16;28;37;42;43;9;4;13;18;29;37;13;15/01/2020
1957;2;8;9;25;33;12;8;17;18;37;42;11;18/01/2020
1958;1;7;10;25;27;2;4;26;32;36;42;4;20/01/2020
1959;12;22;30;31;34;7;9;16;26;29;31;16;25/01/2020
1960;17;21;32;36;37;3;6;19;31;33;39;5;29/01/2020
1961;1;18;19;34;40;2;2;10;13;16;26;11;01/02/2020
1962;6;14;25;29;42;13;4;8;22;25;28;14;05/02/2020
1963;4;12;15;33;42;3;3;6;7;21;34;5;08/02/2020
1964;10;15;20;32;41;14;6;11;28;34;39;11;12/02/2020
1965;5;8;10;13;20;8;3;27;35;39;42;15;15/02/2020
1966;1;14;18;22;43;6;1;5;15;18;39;7;19/02/2020
1967;19;20;24;34;43;5;5;11;22;27;35;15;22/02/2020
1968;5;8;12;17;43;9;1;11;23;30;32;14;26/02/2020
1969;5;23;26;32;38;11;2;7;15;16;22;4;29/02/2020
1970;4;9;14;31;34;15;5;12;14;15;40;5;04/03/2020
1971;1;4;8;11;36;9;2;10;11;17;22;12;07/03/2020
1972;8;19;25;36;38;6;23;25;26;27;41;9;11/03/2020
1973;11;20;21;38;40;9;3;17;22;35;36;12;14/03/2020
1974;2;3;4;5;29;12;2;14;26;29;40;8;18/03/2020
1975;4;9;20;35;43;5;9;22;25;31;40;15;21/03/2020
1976;5;24;27;32;35;15;5;6;16;18;22;7;29/04/2020
1977;8;11;15;35;40;14;11;19;24;34;39;2;02/05/2020
1978;9;17;28;31;40;2;6;17;30;38;39;3;06/05/2020
1979;24;30;37;38;40;7;13;28;32;41;43;1;09/05/2020
1980;6;10;14;22;29;14;7;32;37;38;41;7;13/05/2020
1981;16;18;26;37;42;2;4;10;18;30;37;6;16/05/2020
1982;3;7;12;13;40;13;2;3;8;17;19;11;20/05/2020
1983;2;11;26;32;41;5;1;5;15;30;40;13;23/05/2020
1984;4;8;18;25;29;7;21;26;30;31;37;3;27/05/2020
1985;1;7;14;35;43;12;7;20;26;32;38;14;31/05/2020
1986;9;12;23;33;36;7;23;25;26;29;41;1;03/06/2020
1987;2;7;9;12;34;16;7;16;26;30;32;7;06/06/2020
1988;7;14;16;18;36;11;1;3;36;39;40;6;10/06/2020
1989;13;25;30;36;41;7;2;9;10;29;31;13;13/06/2020
1990;1;3;8;28;41;15;7;14;19;37;40;13;17/06/2020
1991;5;14;28;31;39;10;14;25;28;34;36;5;20/06/2020
1992;5;29;33;34;39;9;3;12;29;33;37;5;24/06/2020
1993;8;12;16;21;27;16;4;9;25;31;36;15;27/06/2020
1994;1;8;14;23;40;11;7;8;13;27;41;15;01/07/2020
1995;3;30;32;38;41;6;23;24;25;26;38;10;04/07/2020
1996;22;34;36;37;43;12;1;23;24;26;42;9;08/07/2020
1997;10;13;22;26;42;5;1;2;5;30;43;7;11/07/2020
1998;4;5;13;16;41;2;3;19;30;36;39;1;15/07/2020
1999;5;6;7;28;32;16;12;15;29;39;41;4;18/07/2020
2000;2;22;24;27;37;6;15;21;23;36;37;6;22/07/2020
2001;5;12;25;26;43;7;3;11;15;23;26;9;25/07/2020
2002;2;8;14;19;28;7;2;4;6;16;34;12;29/07/2020
2003;7;24;29;30;38;5;2;15;27;28;41;2;01/08/2020
2004;18;24;28;36;40;5;5;27;34;36;39;10;05/08/2020
2005;4;11;22;25;26;8;7;15;26;41;43;9;08/08/2020
2006;1;13;24;27;39;16;8;25;31;33;39;10;12/08/2020
2007;13;29;30;40;42;10;5;15;27;36;38;15;15/08/2020
2008;2;7;14;25;31;10;1;4;10;14;25;14;18/08/2020
2009;7;18;23;31;36;14;1;11;24;32;39;4;22/08/2020
2010;8;17;26;27;31;11;3;19;23;30;40;13;26/08/2020
2011;10;18;21;24;43;16;16;19;20;22;25;6;29/08/2020
2012;3;19;20;21;28;13;4;11;22;34;38;4;02/09/2020
2013;2;10;27;30;31;10;4;8;24;26;32;15;05/09/2020
2014;7;11;16;30;35;3;1;9;18;23;38;6;09/09/2020
2015;10;11;37;40;41;9;8;15;21;27;35;10;12/09/2020
2016;2;19;22;25;37;15;7;15;18;29;32;14;16/09/2020
2017;6;14;21;28;35;2;10;15;21;33;39;7;19/09/2020
2018;10;20;21;34;36;3;8;36;37;38;42;14;23/09/2020
2019;1;5;18;38;41;10;4;13;22;36;37;10;26/09/2020
2020;1;9;13;16;30;5;5;18;29;33;34;6;30/09/2020
2021;9;17;28;35;38;1;8;9;11;36;42;13;03/10/2020
2022;13;22;27;40;41;5;10;13;18;19;37;6;07/10/2020
2023;1;2;15;36;39;4;7;25;29;32;41;7;10/10/2020
2024;5;8;11;16;32;13;5;12;32;34;43;10;14/10/2020
2025;2;21;27;36;40;15;1;5;16;26;29;8;17/10/2020
2026;1;3;26;33;34;10;4;11;12;21;36;8;21/10/2020
2027;19;20;28;40;42;13;6;10;18;27;35;10;24/10/2020
2028;9;19;20;36;37;12;2;5;7;12;22;8;28/10/2020
2029;1;2;5;16;23;11;9;17;21;34;40;4;31/10/2020
2030;22;26;29;30;39;7;4;12;13;24;32;6;4/11/2020
2031;22;30;32;40;42;12;3;9;8;23;35;8;7/11/2020
2032;3;5;11;25;29;6;23;24;25;29;40;1;11/11/2020
2033;12;19;20;33;37;14;2;3;4;11;33;4;14/11/2020
2034;17;20;26;35;40;13;10;25;26;27;29;7;18/11/2020
2035;6;18;34;40;43;16;5;16;18;28;41;2;21/11/2020
2036;2;21;22;30;34;7;9;15;19;30;34;1;25/11/2020
2037;7;15;23;30;32;15;14;22;25;32;40;2;28/11/2020
2038;7;19;27;31;36;12;10;18;20;22;24;6;2/12/2020
2039;5;13;19;21;25;13;4;19;32;35;41;16;5/12/2020
2040;5;10;21;28;42;16;3;16;21;28;39;13;9/12/2020
2041;1;3;12;15;23;9;6;11;20;22;33;4;12/12/2020
2042;9;24;25;27;40;6;5;18;19;25;36;10;16/12/2020
2043;1;8;14;28;34;13;5;10;13;16;18;3;19/12/2020
2044;5;12;23;28;35;14;4;5;15;36;42;16;23/12/2020
2045;12;19;24;37;42;3;18;23;26;35;36;10;26/12/2020
2046;5;19;24;27;29;4;1;17;27;29;38;16;30/12/2020
2047;16;21;24;26;33;8;6;11;13;40;43;5;02/01/2021
2048;6;29;37;39;43;13;3;6;9;31;32;11;06/01/2021
2049;8;28;33;41;43;4;7;10;17;37;43;7;09/01/2021
2050;1;14;36;37;40;8;1;9;11;23;41;1;13/01/2021
2051;7;14;18;27;28;4;2;11;13;22;38;4;16/01/2021
2052;17;24;26;28;40;16;1;3;9;22;25;8;20/01/2021
2053;7;15;22;25;32;9;3;5;11;37;40;5;23/01/2021
2054;14;19;21;22;23;2;3;8;12;15;38;5;27/01/2021
2055;1;10;11;23;33;10;5;6;8;21;23;9;30/01/2021
2056;6;13;17;33;38;12;7;15;34;40;42;14;03/02/2021
2057;7;15;23;29;35;8;5;17;23;28;35;16;06/02/2021
2058;4;15;31;36;40;6;7;18;19;33;35;12;10/02/2021
2059;3;4;5;7;21;16;3;11;18;36;37;4;13/02/2021
2060;11;21;22;38;42;4;1;6;12;40;42;2;17/02/2021
2061;4;6;17;24;25;14;2;14;28;34;39;15;20/02/2021
2062;5;7;8;12;25;1;5;10;12;24;41;5;24/02/2021
2063;6;17;22;30;42;5;7;17;19;27;36;12;27/02/2021
2064;6;8;15;32;33;13;2;3;14;38;42;13;03/03/2021
2065;1;13;16;19;20;2;8;10;18;31;42;1;06/03/2021
2066;1;4;21;27;33;3;13;22;26;36;38;12;10/03/2021
2067;4;6;27;35;39;2;14;15;38;42;43;13;13/03/2021
2068;14;28;33;34;35;15;2;22;30;35;39;15;17/03/2021
2069;10;16;23;31;43;12;5;22;28;29;38;8;20/03/2021
2070;2;20;32;37;43;13;5;19;30;35;37;3;24/03/2021
2071;13;20;25;30;35;4;8;11;25;31;32;3;27/03/2021
2072;5;7;11;17;22;3;4;10;28;37;43;10;31/03/2021
2073;2;23;30;33;40;16;7;13;27;29;41;15;03/04/2021
2074;4;31;37;41;42;5;1;2;8;34;36;1;07/04/2021
2075;17;18;36;37;42;2;5;10;20;22;41;2;10/04/2021
2076;27;31;32;42;43;1;14;16;18;24;31;11;14/04/2021
2077;5;7;11;16;29;5;19;27;33;35;40;9;17/04/2021
2078;3;12;19;20;24;2;6;9;16;22;27;8;21/04/2021
2079;6;10;25;31;36;16;5;9;10;18;27;5;24/04/2021
2080;3;19;34;37;43;7;9;23;31;39;42;10;28/04/2021
2081;22;23;27;28;30;3;1;16;34;41;43;2;01/05/2021
2082;2;5;10;23;34;7;3;15;17;29;32;16;05/05/2021
2083;4;8;9;28;37;11;5;10;24;29;42;11;08/05/2021
2084;4;23;28;29;31;16;4;6;8;9;16;5;12/05/2021
2085;3;5;25;30;42;8;17;26;31;35;38;10;15/05/2021
2086;9;12;16;21;30;1;13;20;29;39;40;16;19/05/2021
2087;8;29;32;34;42;5;2;9;13;35;39;12;22/05/2021
2088;3;9;12;34;35;13;5;16;31;32;33;14;26/05/2021
2089;8;12;18;40;43;4;1;8;18;29;40;2;29/05/2021
2090;1;15;22;36;37;13;3;5;22;26;35;3;02/06/2021
2091;1;4;5;16;30;7;1;9;10;13;27;8;05/06/2021
2092;7;14;20;34;41;4;6;7;26;27;41;15;09/06/2021
2093;9;15;25;27;33;13;18;19;25;26;43;9;12/06/2021
2094;7;8;21;30;42;2;2;6;28;34;38;11;16/06/2021
2095;1;5;8;14;40;8;5;8;14;26;33;3;19/06/2021
2096;6;19;20;37;38;10;15;16;17;39;41;9;23/06/2021
2097;6;21;22;34;36;10;4;14;31;32;43;16;26/06/2021
2098;26;29;39;42;43;4;23;28;35;37;38;15;30/06/2021
2099;21;22;23;33;41;8;1;9;13;22;29;14;03/07/2021
2100;5;9;16;29;42;11;5;17;21;26;31;7;07/07/2021
2101;8;15;30;35;36;3;3;5;25;27;36;14;10/07/2021
2102;7;8;18;34;42;8;20;24;27;29;36;1;14/07/2021
2103;14;18;20;32;33;4;15;16;24;26;40;9;17/07/2021
2104;7;9;15;16;26;11;3;7;23;35;36;10;21/07/2021
2105;21;22;29;30;38;11;3;13;16;36;40;5;24/07/2021
2106;6;22;28;32;36;2;8;19;28;36;40;14;28/07/2021
2107;1;27;28;34;37;11;2;9;17;24;25;8;31/07/2021
2108;6;10;15;33;42;16;1;8;19;29;40;7;04/08/2021
2109;14;18;20;39;41;5;1;6;21;34;40;7;07/08/2021
2110;2;9;24;26;42;5;3;11;22;27;39;2;11/08/2021
2111;10;14;32;35;42;13;15;21;31;32;33;6;14/08/2021
2112;8;12;15;31;38;14;6;9;19;37;39;15;18/08/2021
2113;12;14;18;7;40;2;8;13;22;24;30;10;21/08/2021
2114;7;18;20;22;34;11;3;7;9;17;39;8;25/8/2021
2115;8;18;21;30;43;5;3;20;27;40;43;1;28/8/2021
2116;1;7;9;31;40;13;7;12;20;23;32;1;1/9/2021
2117;22;30;31;34;41;16;8;15;30;36;41;14;4/9/2021
2118;8;14;25;31;34;6;11;19;28;32;36;6;8/9/2021
2119;8;9;25;32;41;1;7;12;27;35;41;8;11/9/2021
2120;15;20;34;35;38;13;4;22;28;35;37;16;15/9/2021
2121;2;10;11;18;23;10;12;24;34;37;40;8;18/9/2021
2122;14;19;40;41;43;2;8;23;27;33;42;9;22/9/2021
2123;9;17;39;41;43;1;6;7;23;36;43;10;25/9/2021
2124;20;28;35;37;39;3;4;9;13;18;25;9;29/9/2021
2125;1;16;24;6;42;11;19;30;38;39;41;1;2/10/2021
2126;5;20;22;32;35;16;10;20;25;30;36;16;6/10/2021
2127;5;15;27;34;35;4;4;8;12;27;41;6;9/10/2021
2128;1;2;11;15;33;12;2;10;15;22;25;6;13/10/2021
2129;2;8;11;13;22;15;6;10;25;26;27;6;16/10/2021
2130;11;14;15;22;25;16;13;14;18;21;39;13;20/10/2021
2131;2;5;7;20;34;14;1;2;18;19;23;7;23/10/2021
2132;12;14;18;28;40;8;6;9;16;17;26;6;27/10/2021
2133;17;19;21;24;40;11;12;19;31;42;43;2;30/10/2021
2134;7;13;17;21;36;1;4;12;35;39;43;14;03/11/2021
2135;4;5;29;37;42;13;3;19;26;32;43;11;06/11/2021
2136;18;35;37;39;42;13;5;7;23;34;43;11;10/11/2021
2137;1;6;16;22;31;16;11;12;28;29;32;13;13/11/2021
2138;6;7;9;18;35;6;1;11;22;32;33;12;17/11/2021
2139;12;15;22;26;28;7;1;4;12;13;33;13;20/11/2021
2140;17;25;29;34;36;12;4;7;19;33;39;8;24/11/2021
2141;9;13;24;29;38;9;6;20;24;30;40;16;27/11/2021
2142;13;15;16;24;43;13;9;11;15;20;35;2;1/12/2021
2143;9;11;22;26;42;15;25;27;31;42;43;14;4/12/2021
2144;1;4;6;12;22;10;9;25;33;35;40;7;8/12/2021
2145;2;8;20;35;38;3;9;16;19;29;39;1;11/12/2021
2146;1;15;20;31;35;15;7;25;34;42;43;2;15/12/2021
2147;2;18;22;24;28;4;3;16;22;26;40;12;18/12/2021
2148;5;11;29;30;43;14;5;20;35;38;43;2;22/12/2021
2149;2;5;16;24;39;15;14;15;26;28;40;14;25/12/2021
2150;8;24;34;38;42;11;16;17;24;26;28;4;29/12/2021
2151;17;19;20;21;26;13;2;8;21;38;43;7;1/1/2022
2152;10;33;36;40;43;16;20;21;38;40;43;5;5/1/2022
2153;8;11;30;31;38;7;9;16;18;21;27;5;8/1/2022
2154;1;2;11;34;41;10;2;12;17;30;32;1;12/1/2022
2155;4;13;20;27;42;1;1;5;9;21;24;10;15/1/2022
2156;14;17;24;35;41;1;22;24;34;38;43;6;19/1/2022
2157;1;5;13;27;30;7;12;14;35;38;40;1;22/1/2022
2158;12;15;28;35;38;1;22;24;31;33;34;13;26/1/2022
2159;8;18;19;22;32;1;18;24;29;40;41;5;29/1/2022
2160;3;9;22;23;36;2;3;14;15;19;31;7;2/2/2022
2161;5;9;27;38;42;1;2;11;12;24;43;12;05/2/2022
2162;1;6;24;33;43;8;2;3;8;15;33;6;09/2/2022
2163;1;7;22;28;38;6;1;12;13;33;36;3;12/2/2022
2164;14;18;24;37;43;15;5;8;9;21;42;8;16/2/2022
2165;3;22;27;31;32;10;7;17;33;35;41;9;19/2/2022
2166;7;13;36;38;42;9;17;20;23;32;40;2;23/2/2022
2167;3;8;25;36;38;10;29;32;33;39;43;1;26/2/2022
2168;15;20;26;37;40;13;3;4;9;19;26;15;2/3/2022
2169;1;4;5;29;3;11;5;12;18;21;22;2;05/3/2022
2170;17;18;19;27;37;14;7;9;21;32;35;7;09/3/2022
2171;1;4;10;16;25;15;2;3;7;24;34;3;12/3/2022
2172;1;11;31;33;36;7;2;13;16;34;38;16;16/3/2022
2173;9;27;36;39;43;8;23;28;31;33;38;4;19/3/2022
2174;3;9;37;40;42;11;16;18;28;30;34;1;23/3/2022
2175;19;23;33;34;40;5;5;19;24;34;39;13;26/3/2022
2176;4;6;16;36;37;14;22;29;30;33;40;3;30/3/2022
2177;3;7;8;18;38;7;13;28;33;37;43;14;02/4/2022
2178;11;24;33;42;43;15;4;14;28;32;35;15;06/4/2022
2179;20;27;31;34;41;9;1;15;27;30;43;3;09/4/2022
2180;7;9;16;23;28;12;7;10;13;28;31;2;13/4/2022
2181;1;5;8;17;30;15;13;14;27;28;39;13;16/4/2022
2182;13;16;35;38;42;3;5;12;18;32;36;12;20/4/2022
2183;6;16;28;39;40;2;3;23;29;30;38;3;23/4/2022
2184;4;9;20;25;43;14;6;7;15;17;31;12;27/4/2022
2185;3;5;10;30;40;8;12;19;24;34;35;10;30/4/2022
2186;14;27;34;38;40;14;3;10;11;19;41;15;04/5/2022
2187;4;18;30;41;43;11;2;6;11;19;22;16;07/5/2022
2188;21;26;27;30;31;2;5;11;22;23;24;15;11/5/2022
2189;5;7;20;26;33;14;4;12;14;28;38;10;14/5/2022
2190;15;20;27;38;42;3;22;23;28;32;38;5;18/5/2022
2191;13;19;21;25;36;12;23;26;27;1;42;4;21/5/2022
2192;5;10;14;37;40;6;1;8;21;28;36;5;25/5/2022
2193;6;20;25;29;41;4;6;29;33;40;42;12;28/5/2022
2194;17;25;35;13;26;4;25;10;17;28;18;16;01/6/2022
2195;20;24;32;35;37;5;3;7;10;26;31;8;04/6/2022
2196;5;6;17;22;31;10;12;28;28;42;43;9;8/6/2022
2197;22;24;28;31;43;4;1;6;16;31;37;13;11/6/2022
2198;1;7;12;32;43;1;14;16;27;34;41;14;15/6/2022
2199;1;4;18;19;26;10;3;7;15;19;43;1;18/6/2022
2200;16;28;30;32;39;11;5;14;20;30;31;8;22/6/2022
2201;7;9;14;28;39;9;2;10;15;22;25;3;25/6/2022
2202;9;24;29;30;32;14;8;11;12;29;41;14;29/6/2022
2203;7;8;11;12;8;5;2;9;16;31;34;5;2/7/2022
2204;1;8;12;13;42;5;22;31;35;40;42;2;6/7/2022
2205;1;8;21;29;35;6;4;15;27;30;35;7;9/7/2022
2206;16;23;31;39;43;9;6;12;13;15;38;16;13/7/2022
2207;7;9;11;28;34;5;3;4;6;18;36;15;16/7/2022
2208;3;11;29;39;40;13;7;8;13;18;37;12;20/7/2022
2209;2;8;11;19;26;6;20;30;31;33;39;10;23/7/2022
2210;2;20;26;30;43;11;7;9;10;11;29;13;27/7/2022
2211;4;14;19;25;31;15;16;17;22;26;36;15;30/7/2022
2212;6;8;13;32;43;15;6;28;33;34;38;12;3/8/2022
2213;6;13;33;35;41;11;4;8;17;39;40;14;6/8/2022
2214;1;14;15;22;36;11;13;14;15;33;40;16;10/8/2022
2215;5;6;18;19;24;9;1;8;10;22;25;4;13/8/2022
2216;3;8;15;22;33;13;3;7;20;31;35;7;17/8/2022
2217;12;14;15;20;43;10;1;6;34;37;39;4;20/8/2022
2218;14;18;21;26;36;7;2;6;24;32;40;5;24/8/2022
2219;1;13;16;22;25;8;1;26;27;35;43;11;27/8/2022
2220;15;16;26;34;39;6;4;12;17;19;42;14;31/8/2022
2221;2;5;23;27;36;12;4;9;26;33;41;3;03/9/2022
2222;14;15;17;23;39;6;1;12;15;22;33;16;07/9/2022
2223;3;9;10;19;35;8;12;18;32;34;43;4;10/9/2022
2224;7;13;19;32;42;7;6;8;20;34;41;8;14/9/2022
2225;3;25;30;33;34;1;9;10;18;29;32;4;17/9/2022
2226;2;4;20;21;35;3;3;6;7;26;42;11;21/9/2022
2227;5;8;19;30;33;1;11;16;32;34;37;5;24/9/2022
2228;2;4;12;21;33;2;6;17;36;37;38;11;28/9/2022
2229;3;5;28;37;42;15;3;5;15;22;42;2;01/10/2022
2230;1;3;8;31;35;16;5;16;23;34;43;16;05/10/2022
2231;1;3;15;19;29;13;10;17;31;36;41;14;08/10/2022
2232;12;21;25;37;41;3;12;24;33;34;36;3;12/10/2022
2233;9;21;24;39;40;12;3;14;35;36;37;8;15/10/2022
2234;5;8;20;24;37;4;1;7;20;36;39;14;19/10/2022
2235;2;4;6;9;25;13;2;5;14;30;36;12;22/10/2022
2236;9;12;16;17;21;14;18;32;33;40;41;10;26/10/2022
2237;2;10;13;32;42;1;5;9;11;20;30;4;29/10/2022
2238;20;28;30;31;36;8;5;15;19;33;43;8;02/11/2022
2239;4;19;22;36;43;10;1;8;17;20;30;9;05/11/2022
2240;5;14;17;31;34;3;2;7;12;26;43;4;09/11/2022
2241;10;11;25;27;33;16;6;21;26;39;41;15;12/11/2022
2242;7;9;17;38;39;9;5;9;16;25;26;10;16/11/2022
2243;23;26;27;33;37;3;4;24;25;26;43;3;19/11/2022
2244;5;9;13;22;43;12;6;11;18;28;43;4;23/11/2022
2245;4;9;30;31;34;16;8;20;21;29;38;11;26/11/2022
2246;14;16;33;38;41;10;6;12;15;16;35;3;30/11/2022
2247;14;19;21;32;33;1;5;11;12;13;34;3;03/12/2022
2248;11;14;28;29;32;3;5;17;21;24;28;10;07/12/2022
2249;6;9;28;35;41;7;4;7;21;22;36;10;10/12/2022
2250;2;15;23;33;43;4;14;18;24;36;42;2;14/12/2022
2251;1;10;12;39;40;14;21;26;34;37;42;16;17/12/2022
2252;24;27;30;31;39;12;31;33;37;40;41;16;21/12/2022
2253;7;9;23;37;40;14;16;26;27;36;42;11;24/12/2022
2254;2;8;17;20;25;7;1;4;9;23;24;13;28/12/2022
2255;3;11;27;31;32;12;14;25;32;33;39;12;31/12/2022
2256;12;32;36;37;42;11;1;12;14;32;33;8;04/1/2023
2257;17;25;32;33;40;3;11;17;33;34;40;9;7/1/2023
2258;2;17;24;37;42;11;17;21;22;27;29;9;11/1/2023
2259;2;23;25;33;34;10;4;8;21;36;43;8;14/1/2023
2260;10;29;30;32;36;4;8;9;33;35;42;13;18/1/2023
2261;2;7;12;21;37;9;6;11;13;16;42;12;21/1/2023
2262;5;7;10;22;31;12;17;20;26;33;38;1;25/1/2023
2263;2;14;15;28;40;5;8;18;27;40;42;8;28/1/2023
2264;8;12;16;26;39;6;8;12;23;37;38;16;1/2/2023
2265;1;10;14;32;39;10;5;6;18;26;42;9;4/2/2023
2266;3;8;12;13;43;7;9;21;23;28;38;12;8/2/2023
2267;8;11;17;29;42;13;7;20;25;26;30;11;11/2/2023
2268;7;15;22;25;35;9;1;19;35;36;39;8;15/2/2023
2269;7;20;25;30;38;4;5;7;10;13;31;14;18/2/2023
2270;6;8;13;14;22;12;10;16;26;32;35;14;22/2/2023
2271;12;14;20;32;35;9;20;26;29;37;38;12;25/2/2023
2272;16;23;36;39;42;11;1;12;38;39;41;16;1/3/2023
2273;4;5;12;24;33;12;1;5;11;28;31;15;4/3/2023
2274;25;26;35;36;41;7;23;30;36;37;40;11;8/3/2023
2275;9;13;15;27;31;15;3;7;24;33;40;13;11/3/2023