ORDEN;Ciudad;ANIO;Barrio_poligono;categoria;Comunas_poligonos;manzanas;personas;hombres;mujeres;Edad de 0 a 9;Edad de 10 a 19;Edad de 20 a 29;Edad de 30 a 39;Edad de 40 a 49;Edad de 50 a 59;Edad de 60 a 69;Edad de 70 a 79;Edad de 80 a 89
;BUCARAMANGA;2021;13 DE JUNIO;BARRIO;02. NORORIENTAL;5;409;200;209;65;51;78;62;60;47;34;8;4
2;BUCARAMANGA;2021;ALTOS DEL KENNEDY;BARRIO;01. NORTE;6;528;249;279;76;85;106;71;60;71;34;19;4
3;BUCARAMANGA;2021;ALTOS DEL PROGRESO;BARRIO;01. NORTE;17;1187;605;582;221;204;236;179;145;118;48;26;6
4;BUCARAMANGA;2021;BALCONES DEL KENNEDY;BARRIO;01. NORTE;18;1334;659;675;250;222;248;204;190;111;68;31;7
5;BUCARAMANGA;2021;BETANIA;BARRIO;01. NORTE;17;1664;841;823;222;218;355;248;211;246;117;28;12
6;BUCARAMANGA;2021;Barrio Nuevo;A. URBANO;01. NORTE;1;99;54;45;17;16;14;16;18;8;3;4;2
7;BUCARAMANGA;2021;BONANZA CAMPESTRE;A. RURAL;01. NORTE;14;565;286;279;104;95;108;118;77;34;18;6;4
8;BUCARAMANGA;2021;Brisas de Suratá;A. URBANO;01. NORTE;2;160;79;81;26;25;37;16;21;17;7;6;2
9;BUCARAMANGA;2021;CAFE MADRID;BARRIO;01. NORTE;86;9516;4.755;4.761;1.786;1.845;1.865;1.373;1.114;740;474;228;57
10;BUCARAMANGA;2021;CAMPESTRE NORTE;BARRIO;01. NORTE;14;812;397;415;164;161;151;148;74;56;34;18;5
11;BUCARAMANGA;2021;CLAVERIANO;BARRIO;01. NORTE;22;1675;811;864;316;326;347;258;165;138;75;30;12
12;BUCARAMANGA;2021;COLORADOS;BARRIO;01. NORTE;53;5007;2.413;2.594;864;769;1.005;759;639;439;293;168;56
13;BUCARAMANGA;2021;COLSEGUROS NORTE;BARRIO;01. NORTE;1;1562;724;838;230;259;282;215;228;177;111;41;16
14;BUCARAMANGA;2021;Caminos de Paz I;A. URBANO;01. NORTE;3;133;66;67;29;28;22;18;14;8;9;5;1
15;BUCARAMANGA;2021;Caminos de Paz II;A. URBANO;01. NORTE;1;18;9;9;1;6;0;4;4;2;0;0;0
16;BUCARAMANGA;2021;CERVIUNION;A. URBANO;01. NORTE;9;237;105;132;62;37;45;32;23;21;10;6;1
17;BUCARAMANGA;2021;Divino Niño;A. URBANO;01. NORTE;9;329;164;165;51;52;76;54;35;38;14;6;1
18;BUCARAMANGA;2021;Divino Niño II;A. URBANO;01. NORTE;1;47;26;21;7;6;7;6;6;10;4;0;0
19;BUCARAMANGA;2021;EL PABLON;BARRIO;01. NORTE;12;545;273;272;81;87;112;91;69;44;25;28;6
20;BUCARAMANGA;2021;EL ROSAL;BARRIO;01. NORTE;17;1160;560;600;196;201;222;144;163;110;67;39;14
21;BUCARAMANGA;2021;KENNEDY;BARRIO;01. NORTE;39;5776;2.737;3.039;736;776;969;868;760;717;501;284;139
22;BUCARAMANGA;2021;lAS HAMACAS;BARRIO;01. NORTE;9;899;465;434;147;162;151;166;112;85;47;25;4
23;BUCARAMANGA;2021;Delicias altas;A. URBANO;11. SUR;4;137;66;71;20;28;25;13;18;13;8;10;2
24;BUCARAMANGA;2021;Luz de Esperanza;A. URBANO;01. NORTE;3;110;48;62;30;17;18;16;10;16;1;0;1
25;BUCARAMANGA;2021;MARIA PAZ;BARRIO;01. NORTE;36;2253;2.253;2.39;827;800;920;730;552;413;212;129;43
26;BUCARAMANGA;2021;MINUTO DE DIOS;BARRIO;01. NORTE;7;1805;903;902;264;249;342;318;205;230;117;63;14
27;BUCARAMANGA;2021;MIRADORES DEL KENNEDY;BARRIO;01. NORTE;5;508;240;268;72;82;107;81;73;57;29;6;0
28;BUCARAMANGA;2021;MIRAMAR;BARRIO;01. NORTE;13;749;363;386;91;140;120;114;106;90;45;28;11
29;BUCARAMANGA;2021;OLAS ALTAS;BARRIO;01. NORTE;3;387;201;186;46;59;69;62;49;41;29;22;8
30;BUCARAMANGA;2021;OLAS BAJAS;BARRIO;01. NORTE;9;1184;585;599;164;198;195;155;157;136;85;50;34
31;BUCARAMANGA;2021;OMAGA I;BARRIO;01. NORTE;2;263;123;140;35;41;37;39;34;40;22;8;5
32;BUCARAMANGA;2021;OMAGA II;BARRIO;01. NORTE;7;782;373;409;131;137;154;114;94;82;28;28;9
33;BUCARAMANGA;2021;PAISAJES DEL NORTE;BARRIO;01. NORTE;9;550;263;287;97;124;105;76;75;42;14;9;3
34;BUCARAMANGA;2021;LOS ANGELES;A. URBANO;02. NORORIENTAL;12;663;336;327;111;108;159;125;79;34;26;15;4
35;BUCARAMANGA;2021;NARIÑO;A. URBANO;04. OCCIDENTAL;1;173;85;88;42;37;25;29;15;16;4;3;1
36;BUCARAMANGA;2021;ROSALTA;BARRIO;01. NORTE;3;445;210;235;82;93;70;72;55;35;20;9;6
37;BUCARAMANGA;2021;RIO DE ORO I;A. URBANO;04. OCCIDENTAL;3;1001;512;489;262;205;172;160;79;62;38;17;3
38;BUCARAMANGA;2021;SAN VALENTIN;BARRIO;01. NORTE;7;704;345;359;140;123;154;77;83;71;37;12;4
39;BUCARAMANGA;2021;TEJAR NORTE;BARRIO;01. NORTE;13;1136;557;579;172;162;230;190;136;142;56;27;15
40;BUCARAMANGA;2021;TEJARCITOS;BARRIO;01. NORTE;3;199;103;96;44;30;37;29;23;11;14;10;0
41;BUCARAMANGA;2021;VILLA ALEGRIA I;BARRIO;01. NORTE;3;397;191;206;72;54;96;70;36;39;20;6;2
42;BUCARAMANGA;2021;VILLA ALEGRIA II;BARRIO;01. NORTE;7;880;445;435;146;150;203;137;78;92;47;10;10
43;BUCARAMANGA;2021;VILLA MARIA I;BARRIO;01. NORTE;1;238;113;125;45;29;59;29;33;15;16;9;3
44;BUCARAMANGA;2021;VILLA MARIA II;BARRIO;01. NORTE;1;476;236;240;91;70;100;76;55;42;29;8;4
45;BUCARAMANGA;2021;VILLA MARIA III;BARRIO;01. NORTE;3;198;88;110;56;42;34;32;18;7;5;4;0
46;BUCARAMANGA;2021;VILLA ROSA;BARRIO;01. NORTE;48;7059;3.476;3.583;997;1.198;1.158;1.167;868;698;655;248;68
47;BUCARAMANGA;2021;VILLAS DE SAN IGNACIO;BARRIO;01. NORTE;123;16102;7.951;8.151;2.872;3.355;2.803;2.048;1.4;740;390;156;3.783
48;BUCARAMANGA;2021;Villa Lina;A. RURAL;01. NORTE;10;501;255;246;79;102;104;67;67;47;26;6;2
49;BUCARAMANGA;2021;BOSCONIA;BARRIO;08. SUR OCCIDENTE;5;195;103;92;21;31;39;16;39;24;9;10;3
50;BUCARAMANGA;2021;BOSQUE NORTE;BARRIO;02. NORORIENTAL;17;1221;594;627;216;239;216;237;99;97;84;25;7
51;BUCARAMANGA;2021;Chitota;A. RURAL;02. NORORIENTAL;12;253;134;119;32;51;39;41;43;21;18;6;2
52;BUCARAMANGA;2021;EL PLAN;BARRIO;02. NORORIENTAL;14;663;324;339;99;117;113;111;82;63;45;27;6
53;BUCARAMANGA;2021;ESPERANZA I;BARRIO;02. NORORIENTAL;16;927;435;492;140;160;172;143;111;78;64;46;12
54;BUCARAMANGA;2021;ESPERANZA II;BARRIO;02. NORORIENTAL;30;2251;1.092;1.159;386;366;391;328;288;178;166;117;27
55;BUCARAMANGA;2021;ESPERANZA III;BARRIO;02. NORORIENTAL;30;1579;798;781;272;269;269;261;190;116;123;58;19
56;BUCARAMANGA;2021;Granjitas Barrio Norte;A. RURAL;02. NORORIENTAL;4;145;63;82;29;34;23;19;16;12;4;5;2
57;BUCARAMANGA;2021;LA INDEPENDENCIA;BARRIO;02. NORORIENTAL;37;4035;1.977;2.058;667;689;791;552;467;399;253;141;56
58;BUCARAMANGA;2021;LA JUVENTUD;BARRIO;02. NORORIENTAL;42;1630;784;846;229;256;270;250;211;172;123;71;40
59;BUCARAMANGA;2021;LIZCANO I;BARRIO;02. NORORIENTAL;1;126;66;60;15;14;24;16;11;16;12;9;6
60;BUCARAMANGA;2021;LIZCANO II;BARRIO;02. NORORIENTAL;2;139;69;70;22;25;23;30;18;6;9;3;2
61;BUCARAMANGA;2021;LOS ANGELES;BARRIO;02. NORORIENTAL;17;1059;518;541;155;163;172;160;136;114;88;50;19
62;BUCARAMANGA;2021;Los Cuadros;A. RURAL;02. NORORIENTAL;2;235;114;121;50;37;41;41;26;28;5;5;1
63;BUCARAMANGA;2021;MIRADOR NORTE;A. URBANO;02. NORORIENTAL;25;1320;668;652;274;263;275;217;116;76;55;32;7
64;BUCARAMANGA;2021;Moneque;A. URBANO;02. NORORIENTAL;1;80;36;44;10;16;13;5;10;10;12;3;2
65;BUCARAMANGA;2021;NUEVA COLOMBIA;BARRIO;02. NORORIENTAL;11;480;245;235;95;64;108;82;47;41;28;13;2
66;BUCARAMANGA;2021;NUEVO HORIZONTE;A. URBANO;02. NORORIENTAL;15;966;460;506;221;201;188;132;109;64;35;8;5
67;BUCARAMANGA;2021;OLAS II;BARRIO;02. NORORIENTAL;6;887;418;469;142;153;147;156;84;86;68;36;12
68;BUCARAMANGA;2021;el porvenir;A. RURAL;10. PROVENZA;21;1228;623;605;214;237;237;228;142;93;50;21;4
69;BUCARAMANGA;2021;REGADEROS NORTE;BARRIO;02. NORORIENTAL;19;2739;1.344;1.395;403;410;492;413;377;302;178;119;36
70;BUCARAMANGA;2021;SAN CRISTOBAL;BARRIO;02. NORORIENTAL;23;1033;505;528;154;139;176;146;138;119;77;45;31
71;BUCARAMANGA;2021;TRANSICION I-V;BARRIO;02. NORORIENTAL;115;2723;2.78;2.723;972;951;990;866;641;477;350;174;63
72;BUCARAMANGA;2021;UNIVERSIDAD;BARRIO;03. SAN FRANCISCO;38;5098;2.393;2.705;425;575;1.275;784;565;607;465;261;111
73;BUCARAMANGA;2021;VILLA HELENA I;BARRIO;02. NORORIENTAL;25;1724;867;857;337;307;308;274;181;124;134;46;12
74;BUCARAMANGA;2021;VILLA HELENA II;BARRIO;02. NORORIENTAL;11;936;472;464;145;128;146;147;103;115;90;48;13
75;BUCARAMANGA;2021;VILLA MERCEDES;BARRIO;02. NORORIENTAL;14;1241;647;594;220;225;235;203;147;92;76;31;9
76;BUCARAMANGA;2021;ALARCON;BARRIO;03. SAN FRANCISCO;23;1582;1.582;1.79;396;356;604;692;465;412;245;143;54
77;BUCARAMANGA;2021;CHAPINERO;BARRIO;03. SAN FRANCISCO;24;1424;1.424;1.38;402;349;576;564;343;281;174;94;19
78;BUCARAMANGA;2021;COMUNEROS;BARRIO;03. SAN FRANCISCO;54;11308;5.452;5.856;1.327;1.595;2.343;1.787;1.449;1.252;819;495;191
79;BUCARAMANGA;2021;MODELO;BARRIO;03. SAN FRANCISCO;22;2357;1.081;1.276;314;298;437;404;337;261;168;104;31
80;BUCARAMANGA;2021;MUTUALIDAD;BARRIO;03. SAN FRANCISCO;26;4431;2.132;2.299;451;586;975;651;571;565;325;205;78
81;BUCARAMANGA;2021;NORTE BAJO;BARRIO;03. SAN FRANCISCO;14;1505;743;762;201;189;273;215;206;184;132;66;31
82;BUCARAMANGA;2021;PUERTO RICO;BARRIO;02. NORORIENTAL;9;653;325;328;96;132;122;113;82;62;24;19;3
83;BUCARAMANGA;2021;SAN FRANCISCO;BARRIO;03. SAN FRANCISCO;115;18304;8.587;9.717;1.954;2.134;3.619;3.197;2.382;2.269;1.592;737;355
84;BUCARAMANGA;2021;SAN RAFAEL;BARRIO;03. SAN FRANCISCO;16;2157;1.041;1.116;296;309;402;300;284;259;160;86;46
85;BUCARAMANGA;2021;23 DE JUNIO;BARRIO;04. OCCIDENTAL;16;2049;1.012;1.037;270;279;378;305;239;244;207;80;40
86;BUCARAMANGA;2021;5 de Enero;A. URBANO;04. OCCIDENTAL;10;409;209;200;96;89;61;66;45;25;14;4;5
87;BUCARAMANGA;2021;Camilo Torres;A. URBANO;04. OCCIDENTAL;9;693;313;380;130;152;138;120;63;50;22;13;2
88;BUCARAMANGA;2021;Carlos Pizarro;A. URBANO;04. OCCIDENTAL;2;140;71;69;30;31;24;19;16;8;8;1;1
89;BUCARAMANGA;2021;LA FERIA;A. URBANO;04. OCCIDENTAL;10;512;269;243;96;121;100;80;44;39;18;9;2
90;BUCARAMANGA;2021;DON BOSCO;BARRIO;04. OCCIDENTAL;7;975;490;485;131;133;176;129;133;115;69;57;25
91;BUCARAMANGA;2021;NIVINO NIÑO;A. URBANO;04. OCCIDENTAL;6;419;210;209;67;86;76;60;64;32;21;13;1
92;BUCARAMANGA;2021;EL CINAL;BARRIO;03. SAN FRANCISCO;7;418;213;205;64;64;75;72;52;38;28;13;10
93;BUCARAMANGA;2021;GAITAN;BARRIO;04. OCCIDENTAL;51;5670;2.845;2.825;730;814;913;814;729;748;468;306;120
94;BUCARAMANGA;2021;GARCIA ROVIRA;BARRIO;15. CENTRO;56;3661;1.849;1.812;405;459;688;654;524;425;305;137;55
95;BUCARAMANGA;2021;GIRARDOT;BARRIO;04. OCCIDENTAL;44;9220;4.532;4.688;1.31;1.347;1.633;1.566;1.191;1.003;613;362;157
96;BUCARAMANGA;2021;GRANADA;BARRIO;04. OCCIDENTAL;66;1857;944;913;251;244;366;290;230;201;165;80;25
97;BUCARAMANGA;2021;Gallineral;A. URBANO;04. OCCIDENTAL;3;493;236;257;111;93;79;94;49;32;25;6;4
98;BUCARAMANGA;2021;GALAN;A. URBANO;13. ORIENTAL;21;2144;1.097;1.047;483;347;479;358;189;125;100;40;16
99;BUCARAMANGA;2021;LA FERIA;BARRIO;04. OCCIDENTAL;36;2590;1.278;1.312;354;430;486;370;400;324;124;74;19
100;BUCARAMANGA;2021;LA GLORIA;BARRIO;04. OCCIDENTAL;10;769;388;381;131;133;141;119;89;65;50;27;10
101;BUCARAMANGA;2021;MARIA AUXILIADORA;A. URBANO;04. OCCIDENTAL;1;52;26;26;11;4;13;4;5;6;8;0;1
102;BUCARAMANGA;2021;Milagro de Dios;A. URBANO;04. OCCIDENTAL;6;815;412;403;136;168;170;124;98;65;33;12;5
103;BUCARAMANGA;2021;NAPOLES;BARRIO;04. OCCIDENTAL;19;1315;679;636;230;230;230;184;180;121;76;37;20
104;BUCARAMANGA;2021;NARIÑO;BARRIO;04. OCCIDENTAL;26;1025;1.1;1.025;317;296;411;274;274;221;169;120;35
105;BUCARAMANGA;2021;PIO XII;BARRIO;04. OCCIDENTAL;17;1585;816;769;271;256;282;251;204;153;110;48;9
106;BUCARAMANGA;2021;PANTANO II;A. URBANO;05. GARCIA ROVIRA;1;66;39;27;9;8;12;8;13;2;8;6;0
107;BUCARAMANGA;2021;REAL DE MINAS;BARRIO;07. LA CIUDADELA;126;30516;14.043;16.473;2.927;3.825;5.419;4.528;3.98;4.3;3.399;1.598;502
108;BUCARAMANGA;2021;RIO DE ORO I;BARRIO;04. OCCIDENTAL;18;53;25;28;14;8;10;10;4;4;4;0;0
109;BUCARAMANGA;2021;SANTANDER;BARRIO;04. OCCIDENTAL;21;2788;1.335;1.453;310;353;441;357;348;450;291;148;74
110;BUCARAMANGA;2021;GIRARDOT;A. URBANO;04. OCCIDENTAL;23;1050;512;538;197;233;196;147;127;71;50;18;6
111;BUCARAMANGA;2021;Zarabanda;A. URBANO;04. OCCIDENTAL;5;582;281;301;142;102;114;106;52;28;33;4;2
112;BUCARAMANGA;2021;1 DE MAYO;BARRIO;05. GARCIA ROVIRA;6;1025;515;510;159;147;181;167;127;113;68;49;12
113;BUCARAMANGA;2021;ALFONSO LOPEZ;BARRIO;05. GARCIA ROVIRA;38;8735;4.264;4.471;1.044;1.129;1.686;1.429;1.104;1.103;726;339;144
114;BUCARAMANGA;2021;CAMPO HERMOSO;BARRIO;05. GARCIA ROVIRA;63;12587;6.025;6.562;1.74;1.784;2.221;1.863;1.698;1.511;938;549;230
115;BUCARAMANGA;2021;CHARTA;BARRIO;05. GARCIA ROVIRA;5;507;231;276;91;73;77;87;45;57;46;21;9
116;BUCARAMANGA;2021;CHORRERAS DE DON JUAN;BARRIO;05. GARCIA ROVIRA;26;3279;1.575;1.704;330;435;543;471;470;452;320;173;72
117;BUCARAMANGA;2021;LA ESTRELLA;BARRIO;05. GARCIA ROVIRA;7;1095;509;586;139;156;205;158;135;136;85;52;24
118;BUCARAMANGA;2021;LA JOYA;BARRIO;05. GARCIA ROVIRA;36;6760;3.262;3.498;755;915;1.06;965;821;1.013;698;330;169
119;BUCARAMANGA;2021;PANTANO II;BARRIO;05. GARCIA ROVIRA;9;658;313;345;112;121;140;73;96;64;24;23;3
120;BUCARAMANGA;2021;PANTANO III;BARRIO;05. GARCIA ROVIRA;1;89;51;38;19;10;18;22;9;4;9;0;0
121;BUCARAMANGA;2021;QUINTA ESTRELLA;BARRIO;05. GARCIA ROVIRA;38;2180;1.075;1.105;279;319;421;341;296;300;139;57;20
122;BUCARAMANGA;2021;RINCON DE LA PAZ;BARRIO;05. GARCIA ROVIRA;21;1341;673;668;272;245;266;212;146;105;60;19;9
123;BUCARAMANGA;2021;CANDILES;BARRIO;06. LA CONCORDIA;4;1475;696;779;190;168;237;231;171;205;130;90;44
124;BUCARAMANGA;2021;GOMEZ NIÑO;BARRIO;06. LA CONCORDIA;11;1129;520;609;111;138;201;195;96;179;110;68;26
125;BUCARAMANGA;2021;LA CEIBA;BARRIO;06. LA CONCORDIA;23;3272;1.531;1.741;346;423;539;547;436;425;282;175;82
126;BUCARAMANGA;2021;LA CONCORDIA;BARRIO;06. LA CONCORDIA;77;4168;4.168;4.86;958;1.02;1.644;1.34;1.171;1.247;858;488;253
127;BUCARAMANGA;2021;LA VICTORIA;BARRIO;06. LA CONCORDIA;37;3392;2.92;3.392;638;802;872;877;815;961;654;421;228
128;BUCARAMANGA;2021;RICAURTE;BARRIO;06. LA CONCORDIA;25;3058;1.469;1.589;336;393;536;559;413;382;220;142;65
129;BUCARAMANGA;2021;SAN MIGUEL;BARRIO;06. LA CONCORDIA;24;4681;2.202;2.479;538;569;858;654;623;613;438;233;127
130;BUCARAMANGA;2021;BALCONCITOS;BARRIO;17. MUTIS;7;818;368;450;82;114;169;113;103;121;79;21;13
131;BUCARAMANGA;2021;20 DE JULIO;BARRIO;08. SUR OCCIDENTE;1;424;193;231;57;76;67;63;60;42;29;25;4
132;BUCARAMANGA;2021;AFRICA;BARRIO;08. SUR OCCIDENTE;12;1227;607;620;162;184;226;203;171;110;85;74;11
133;BUCARAMANGA;2021;ANTIGUA COLOMBIA;BARRIO;08. SUR OCCIDENTE;6;500;253;247;79;73;93;67;67;58;38;13;10
134;BUCARAMANGA;2021;BUCARAMANGA;BARRIO;08. SUR OCCIDENTE;29;5306;2.603;2.703;794;833;914;766;719;605;329;218;100
135;BUCARAMANGA;2021;CANELOS;BARRIO;08. SUR OCCIDENTE;22;2106;980;1.126;244;259;352;300;293;251;220;133;49
136;BUCARAMANGA;2021;CORDONCILLO I;BARRIO;08. SUR OCCIDENTE;3;379;189;190;55;65;76;52;48;40;16;19;6
137;BUCARAMANGA;2021;CORDONCILLO II;BARRIO;08. SUR OCCIDENTE;15;1113;1.08;1.113;252;329;425;298;268;298;160;98;49
138;BUCARAMANGA;2021;El Fonce;A. URBANO;08. SUR OCCIDENTE;2;77;35;42;20;6;26;10;0;7;5;0;1
139;BUCARAMANGA;2021;JUAN XXIII;BARRIO;08. SUR OCCIDENTE;12;930;479;451;154;153;182;158;106;85;47;35;7
140;BUCARAMANGA;2021;La Guacamaya;A. URBANO;08. SUR OCCIDENTE;3;310;161;149;59;68;54;63;28;24;9;3;2
141;BUCARAMANGA;2021;Laureles I;A. URBANO;08. SUR OCCIDENTE;6;185;94;91;29;30;40;29;26;11;13;4;2
142;BUCARAMANGA;2021;Manzana 10;A. URBANO;08. SUR OCCIDENTE;14;630;310;320;95;104;120;98;79;63;34;28;6
143;BUCARAMANGA;2021;PABLO VI;BARRIO;08. SUR OCCIDENTE;11;1895;904;991;276;274;335;263;234;250;118;93;41
144;BUCARAMANGA;2021;QUEBRADA LA IGLESIA II;BARRIO;08. SUR OCCIDENTE;2;0;0;0;0;0;0;0;0;0;0;0;0
145;BUCARAMANGA;2021;SAN GERARDO;BARRIO;08. SUR OCCIDENTE;4;623;316;307;81;82;111;106;80;69;41;37;13
146;BUCARAMANGA;2021;SAN GERARDO;A. URBANO;08. SUR OCCIDENTE;3;786;383;403;122;114;172;128;103;68;45;18;12
147;BUCARAMANGA;2021;SAN GERARDO;A. URBANO;08. SUR OCCIDENTE;4;1016;508;508;117;153;182;127;135;138;80;58;20
148;BUCARAMANGA;2021;ANTONIA SANTOS SUR;BARRIO;09. LA PEDREGOSA;7;803;382;421;72;77;141;101;93;131;105;49;28
149;BUCARAMANGA;2021;ASTURIAS;BARRIO;09. LA PEDREGOSA;9;1063;484;579;101;111;161;171;151;145;128;71;23
150;BUCARAMANGA;2021;DIAMANTE I;BARRIO;09. LA PEDREGOSA;9;1687;803;884;150;219;269;233;244;223;151;128;59
151;BUCARAMANGA;2021;LA LIBERTAD;BARRIO;09. LA PEDREGOSA;7;712;358;354;59;92;129;79;93;118;75;41;21
152;BUCARAMANGA;2021;LA PEDREGOSA;BARRIO;09. LA PEDREGOSA;4;613;308;305;75;93;106;86;87;79;56;19;9
153;BUCARAMANGA;2021;LA SALLE;BARRIO;06. LA CONCORDIA;10;984;440;544;90;94;131;132;140;160;127;59;43
154;BUCARAMANGA;2021;LAS CASITAS;BARRIO;09. LA PEDREGOSA;4;265;133;132;41;33;53;29;35;29;18;18;6
155;BUCARAMANGA;2021;NUEVA GRANADA;BARRIO;09. LA PEDREGOSA;8;838;397;441;90;106;143;101;126;121;68;44;30
156;BUCARAMANGA;2021;PORTO FINO;BARRIO;09. LA PEDREGOSA;6;581;265;316;72;57;112;104;84;53;64;22;12
157;BUCARAMANGA;2021;QUEBRADA LA IGLESIA;BARRIO;09. LA PEDREGOSA;17;1514;744;770;197;230;267;252;211;160;115;58;20
158;BUCARAMANGA;2021;SAN MARTIN;BARRIO;09. LA PEDREGOSA;23;3900;1.959;1.941;530;549;785;731;485;416;223;116;51
159;BUCARAMANGA;2021;SAN PEDRO CLAVER;BARRIO;09. LA PEDREGOSA;14;971;497;474;132;140;202;132;122;116;55;46;18
160;BUCARAMANGA;2021;VILLA DIAMANTE;BARRIO;09. LA PEDREGOSA;6;1985;922;1.063;170;242;320;272;253;303;233;132;53
161;BUCARAMANGA;2021;VILLA INES;BARRIO;09. LA PEDREGOSA;15;1572;706;866;177;218;243;252;210;198;149;85;35
162;BUCARAMANGA;2021;BRISAS DE PROVENZA;BARRIO;10. PROVENZA;25;1063;1.02;1.063;408;359;466;319;268;148;59;37;10
163;BUCARAMANGA;2021;CRISTAL BAJO;BARRIO;10. PROVENZA;36;2444;1.207;1.237;463;401;506;388;260;242;101;58;16
164;BUCARAMANGA;2021;DIAMANTE II;BARRIO;10. PROVENZA;60;10704;4.886;5.818;992;1.107;1.524;1.556;1.441;1.464;1.247;905;411
165;BUCARAMANGA;2021;CRISTAL ALTO;BARRIO;10. PROVENZA;18;1910;918;992;299;346;348;317;213;213;106;45;18
166;BUCARAMANGA;2021;FONTANA;BARRIO;10. PROVENZA;27;1921;1.921;2.28;461;575;549;711;555;565;435;270;80
167;BUCARAMANGA;2021;GRANJAS DE PROVENZA;BARRIO;10. PROVENZA;34;4732;2.297;2.435;761;639;903;1.022;590;426;229;120;37
168;BUCARAMANGA;2021;LUZ DE SALVACION I;A. URBANO;10. PROVENZA;34;0;1.15;1.09;440;396;464;361;268;173;84;30;15
169;BUCARAMANGA;2021;Luz de Salvación II;A. URBANO;11. SUR;37;1115;547;568;215;199;223;180;119;108;39;22;6
170;BUCARAMANGA;2021;NUEVA FONTANA;BARRIO;10. PROVENZA;6;564;244;320;47;74;85;79;83;95;67;30;6
171;BUCARAMANGA;2021;PROVENZA;BARRIO;10. PROVENZA;93;15563;7.198;8.365;1.545;1.689;2.383;2.442;1.976;2.05;1.846;1.138;451
172;BUCARAMANGA;2021;SAN LUIS;BARRIO;10. PROVENZA;23;2157;964;1.193;184;232;326;296;307;297;304;150;59
173;BUCARAMANGA;2021;VIVEROS DE PROVENZA;BARRIO;10. PROVENZA;11;1008;490;518;155;150;259;161;128;99;31;14;6
174;BUCARAMANGA;2021;BALCONES DEL SUR;BARRIO;11. SUR;9;700;363;337;137;121;170;96;96;45;26;4;2
175;BUCARAMANGA;2021;BRISAS DEL PALMAR;BARRIO;11. SUR;2;413;200;213;75;63;81;71;43;51;17;8;4
176;BUCARAMANGA;2021;BRISAS DEL PARAISO;BARRIO;11. SUR;9;1027;509;518;165;186;212;175;128;101;33;19;5
177;BUCARAMANGA;2021;CANDADO;BARRIO;11. SUR;3;422;194;228;50;52;73;81;44;62;33;22;5
178;BUCARAMANGA;2021;CIUDAD VENECIA;BARRIO;11. SUR;14;1298;603;695;139;174;222;204;157;177;140;55;26
179;BUCARAMANGA;2021;CONDADO DE GIBRALTAR;BARRIO;11. SUR;8;529;253;276;50;86;77;57;78;85;48;34;11
180;BUCARAMANGA;2021;LOS CONQUISTADORES;BARRIO;11. SUR;6;1678;802;876;247;298;366;257;255;144;62;30;11
181;BUCARAMANGA;2021;DANGOND;BARRIO;11. SUR;11;2008;977;1.031;219;268;343;305;280;224;241;95;31
182;BUCARAMANGA;2021;DELICIAS ALTAS;BARRIO;11. SUR;8;1648;778;870;219;222;262;301;240;190;136;63;15
183;BUCARAMANGA;2021;DELICIAS BAJAS;BARRIO;11. SUR;3;145;63;82;17;23;14;25;15;16;20;10;4
184;BUCARAMANGA;2021;EL PORVENIR;BARRIO;10. PROVENZA;62;8055;3.892;4.163;1.078;1.047;1.556;1.24;1.112;983;629;317;82
185;BUCARAMANGA;2021;EL ROCIO;BARRIO;11. SUR;14;2452;1.081;1.371;284;331;420;384;298;343;252;101;37
186;BUCARAMANGA;2021;GRANJAS DE JULIO RINCON;BARRIO;11. SUR;2;445;206;239;72;79;83;60;63;56;10;13;6
187;BUCARAMANGA;2021;GRANJAS REAGAN;BARRIO;11. SUR;8;791;394;397;170;128;153;133;86;57;43;14;6
188;BUCARAMANGA;2021;IGSABELAR;BARRIO;11. SUR;2;522;260;262;76;79;98;81;80;50;33;14;9
189;BUCARAMANGA;2021;JARDINES DE COAVICONSA;BARRIO;11. SUR;22;2902;2.902;3.32;774;831;1.043;1.111;887;800;485;223;66
190;BUCARAMANGA;2021;MALPASO;BARRIO;11. SUR;3;496;230;266;61;68;95;58;65;67;48;25;7
191;BUCARAMANGA;2021;MANUELA BELTRAN;BARRIO;11. SUR;34;4817;2.323;2.494;652;705;903;839;582;532;379;169;50
192;BUCARAMANGA;2021;PUNTA PARAISO;BARRIO;11. SUR;21;2189;1.061;1.128;421;352;491;389;233;172;80;37;8
193;BUCARAMANGA;2021;ROBLES;BARRIO;11. SUR;1;294;148;146;34;42;39;56;35;44;22;13;7
194;BUCARAMANGA;2021;SANTA MARIA;BARRIO;11. SUR;3;375;178;197;51;48;73;52;55;52;26;12;4
195;BUCARAMANGA;2021;TOLEDO PLATA;BARRIO;11. SUR;12;1262;577;685;152;156;208;224;131;156;153;57;23
196;BUCARAMANGA;2021;VILLA ALICIA;BARRIO;11. SUR;4;583;260;323;59;52;125;66;68;82;73;44;13
197;BUCARAMANGA;2021;VILLA DEL NOGAL;BARRIO;11. SUR;7;263;126;137;49;45;58;44;31;21;12;4;0
198;BUCARAMANGA;2021;VILLA FLOR;BARRIO;11. SUR;1;662;308;354;92;83;107;134;87;67;63;25;6
199;BUCARAMANGA;2021;VILLA REAL DEL SUR;BARRIO;11. SUR;8;873;427;446;160;164;189;138;103;67;25;17;6
200;BUCARAMANGA;2021;VILLA SARA;BARRIO;11. SUR;3;371;173;198;37;51;69;53;59;42;35;19;5
201;BUCARAMANGA;2021;ALTOS DEL JARDIN;BARRIO;12. CABECERA DEL LLANO;5;186;88;98;17;27;14;20;34;23;21;21;7
202;BUCARAMANGA;2021;BOLARQUI;BARRIO;12. CABECERA DEL LLANO;20;3324;1.499;1.825;264;332;452;529;460;506;448;212;110
203;BUCARAMANGA;2021;CABECERA DEL LLANO;BARRIO;12. CABECERA DEL LLANO;84;14923;6.594;8.329;1.047;1.158;1.718;1.853;1.864;2.332;2.555;1.639;700
204;BUCARAMANGA;2021;ANTIGUO CAMPESTRE;BARRIO;12. CABECERA DEL LLANO;11;882;364;518;44;62;137;103;91;148;131;92;63
205;BUCARAMANGA;2021;CONUCOS;BARRIO;12. CABECERA DEL LLANO;2;1632;662;970;115;149;212;138;205;214;240;218;119
206;BUCARAMANGA;2021;EL JARDIN;BARRIO;12. CABECERA DEL LLANO;10;228;109;119;19;30;26;25;28;32;31;26;9
207;BUCARAMANGA;2021;LA FLORESTA;BARRIO;12. CABECERA DEL LLANO;17;3061;1.415;1.646;264;288;421;431;411;502;447;200;92
208;BUCARAMANGA;2021;LOS CEDROS;BARRIO;12. CABECERA DEL LLANO;2;105;44;61;9;21;5;8;23;19;12;10;0
209;BUCARAMANGA;2021;Los Anaya;A. RURAL;14. MORRORICO;2;124;64;60;10;8;25;15;20;11;18;17;0
210;BUCARAMANGA;2021;MERCEDES;BARRIO;12. CABECERA DEL LLANO;16;2076;893;1.183;181;226;327;328;253;305;220;139;81
211;BUCARAMANGA;2021;NUEVO SOTOMAYOR;BARRIO;12. CABECERA DEL LLANO;19;3392;1.495;1.897;296;292;549;569;478;451;428;242;86
212;BUCARAMANGA;2021;PAN DE AZUCAR;BARRIO;12. CABECERA DEL LLANO;22;1858;881;977;137;174;225;232;255;326;273;161;68
213;BUCARAMANGA;2021;PUERTA DEL SOL;BARRIO;12. CABECERA DEL LLANO;7;469;230;239;31;54;78;76;69;75;54;23;7
214;BUCARAMANGA;2021;SOTOMAYOR;BARRIO;12. CABECERA DEL LLANO;31;2925;2.925;3.79;460;528;818;894;811;980;1.171;669;347
215;BUCARAMANGA;2021;TERRAZAS;BARRIO;12. CABECERA DEL LLANO;14;1589;719;870;120;153;259;190;229;270;199;123;42
216;BUCARAMANGA;2021;ALVAREZ;BARRIO;13. ORIENTAL;47;6742;3.077;3.665;618;831;984;1.013;882;990;689;466;229
217;BUCARAMANGA;2021;ANTONIA SANTOS CENTRO;BARRIO;13. ORIENTAL;39;14265;6.562;7.703;1.51;1.634;2.463;2.645;2.022;1.809;1.251;627;276
218;BUCARAMANGA;2021;BOLIVAR;BARRIO;13. ORIENTAL;28;4712;2.194;2.518;466;471;731;812;633;686;508;270;123
219;BUCARAMANGA;2021;EL PRADO;BARRIO;13. ORIENTAL;27;5919;2.596;3.323;430;510;840;902;727;870;828;542;244
220;BUCARAMANGA;2021;GALAN;BARRIO;13. ORIENTAL;4;643;300;343;66;104;108;124;88;58;58;25;11
221;BUCARAMANGA;2021;LA AURORA;BARRIO;13. ORIENTAL;22;2791;1.233;1.558;245;267;453;412;322;416;377;214;80
222;BUCARAMANGA;2021;LOS PINOS;BARRIO;13. ORIENTAL;19;3378;1.537;1.841;260;384;405;423;478;473;515;303;128
223;BUCARAMANGA;2021;SAUCES;BARRIO;14. MORRORICO;2;473;216;257;56;80;88;72;68;42;37;23;6
224;BUCARAMANGA;2021;MEJORAS PUBLICAS;BARRIO;13. ORIENTAL;39;10285;4.593;5.692;827;985;1.63;1.691;1.328;1.506;1.258;725;307
225;BUCARAMANGA;2021;QUINTADANIA;BARRIO;13. ORIENTAL;5;627;279;348;62;47;108;114;69;79;76;55;16
226;BUCARAMANGA;2021;QUINTA BRIGADA;BARRIO;13. ORIENTAL;4;1502;729;773;167;179;288;305;195;155;130;61;21
227;BUCARAMANGA;2021;SAN ALONSO;BARRIO;13. ORIENTAL;60;15327;6.876;8.451;1.449;1.67;2.897;2.469;1.917;2.009;1.595;837;417
228;BUCARAMANGA;2021;ALBANIA;BARRIO;14. MORRORICO;5;1781;834;947;229;234;290;232;259;230;156;99;43
229;BUCARAMANGA;2021;BUENAVISTA;BARRIO;14. MORRORICO;2;135;71;64;21;23;16;35;15;8;10;6;0
230;BUCARAMANGA;2021;BUENOS AIRES;BARRIO;14. MORRORICO;48;5846;2.827;3.019;1.062;940;1.135;951;660;532;325;150;69
231;BUCARAMANGA;2021;Buenavista;A. RURAL;14. MORRORICO;13;918;464;454;159;121;176;147;98;110;51;46;8
232;BUCARAMANGA;2021;EL DIVISO;BARRIO;14. MORRORICO;18;2153;1.005;1.148;386;337;447;313;244;184;134;77;24
233;BUCARAMANGA;2021;LIMONCITO;BARRIO;14. MORRORICO;5;735;375;360;116;106;170;106;74;65;60;26;8
234;BUCARAMANGA;2021;MALAÑA;A. RURAL;CORREG. 3;10;176;84;92;27;25;24;22;30;18;13;12;4
235;BUCARAMANGA;2021;MIRAFLORES;BARRIO;14. MORRORICO;49;4881;2.369;2.512;777;777;945;742;592;460;286;199;80
236;BUCARAMANGA;2021;MORRORICO;BARRIO;14. MORRORICO;13;1908;938;970;307;285;364;295;255;165;149;63;21
237;BUCARAMANGA;2021;MIRAMANGA;A. RURAL;CORREG. 3;10;559;280;279;106;102;107;98;82;27;20;13;5
238;BUCARAMANGA;2021;VEGAS DE MORRORICO;BARRIO;14. MORRORICO;3;449;215;234;64;80;73;67;83;33;21;15;10
239;BUCARAMANGA;2021;VENADO DE ORO;BARRIO;14. MORRORICO;10;615;306;309;101;128;110;114;73;58;20;10;0
240;BUCARAMANGA;2021;CENTRO;BARRIO;15. CENTRO;73;4406;2.125;2.281;516;506;826;841;571;553;379;159;53
241;BUCARAMANGA;2021;ALTOS DEL CACIQUE;BARRIO;16. LAGOS DEL CACIQUE;13;825;409;416;102;133;159;127;118;98;66;15;6
242;BUCARAMANGA;2021;ALTOS DEL LAGO;BARRIO;16. LAGOS DEL CACIQUE;11;1175;550;625;107;174;170;148;186;178;139;49;21
243;BUCARAMANGA;2021;Asopofavi;A. RURAL;CORREG. 2;16;1073;554;519;201;199;201;146;138;98;42;35;8
244;BUCARAMANGA;2021;BALCON DEL LAGO;BARRIO;16. LAGOS DEL CACIQUE;3;258;140;118;41;54;59;41;36;18;1;3;2
245;BUCARAMANGA;2021;BOSQUES DEL CACIQUE;BARRIO;16. LAGOS DEL CACIQUE;5;384;168;216;61;66;64;72;49;38;25;8;1
246;BUCARAMANGA;2021;EL TEJAR;BARRIO;16. LAGOS DEL CACIQUE;31;11080;5.095;5.985;1.147;1.48;1.646;1.509;1.67;1.648;1.209;595;172
247;BUCARAMANGA;2021;HACIENDA SAN JUAN;BARRIO;16. LAGOS DEL CACIQUE;13;1522;712;810;185;225;258;269;224;182;98;58;20
248;BUCARAMANGA;2021;LAGOS DEL CACIQUE;BARRIO;16. LAGOS DEL CACIQUE;34;4811;2.209;2.602;386;567;751;486;590;886;714;311;109
249;BUCARAMANGA;2021;LOS GUAYACANES;BARRIO;16. LAGOS DEL CACIQUE;1;175;84;91;30;30;26;29;33;13;7;5;1
250;BUCARAMANGA;2021;SAN EXPEDITO;BARRIO;16. LAGOS DEL CACIQUE;10;783;387;396;124;132;114;142;104;84;31;36;12
251;BUCARAMANGA;2021;SANTA BARBARA;A. RURAL;CORREG. 2;4;168;83;85;16;25;30;24;31;12;17;5;5
252;BUCARAMANGA;2021;BRISAS DEL MUTIS;BARRIO;17. MUTIS;19;4117;1.953;2.164;506;637;799;590;596;525;283;120;46
253;BUCARAMANGA;2021;ESTORAQUES;BARRIO;17. MUTIS;34;7555;3.744;3.811;1.229;1.208;1.386;1.31;830;807;476;224;67
254;BUCARAMANGA;2021;LA GRAN LADERA;BARRIO;17. MUTIS;19;1574;729;845;300;240;332;301;182;138;50;18;8
255;BUCARAMANGA;2021;LOS HEROES;BARRIO;17. MUTIS;10;1619;763;856;199;209;285;252;215;193;162;75;27
256;BUCARAMANGA;2021;MANZANARES;BARRIO;17. MUTIS;13;1271;613;658;160;174;235;186;136;189;97;66;22
257;BUCARAMANGA;2021;MONTERREDONDO;BARRIO;17. MUTIS;31;5821;2.767;3.054;873;806;1.175;960;734;674;376;164;47
258;BUCARAMANGA;2021;MUTIS;BARRIO;17. MUTIS;46;9294;4.343;4.951;967;1.202;1.569;1.28;1.187;1.387;770;529;336
259;BUCARAMANGA;2021;VILLA DEL NOGAL;A. RURAL;11. SUR;857;752;543;209;199;192;146;142;83;41;34;12;246
260;BUCARAMANGA;2021;PRADOS DEL MUTIS;BARRIO;16. LAGOS DEL CACIQUE;2;1669;788;881;165;218;277;234;224;284;174;64;25
261;BUCARAMANGA;2021;QUEBRADA LA IGLESIA I;BARRIO;17. MUTIS;9;152;83;69;29;12;33;15;26;22;10;0;3
262;BUCARAMANGA;2021;VEREDA VIJAGUAL;A. RURAL;CORREG. 1;126;100;73;27;26;31;22;25;9;7;5;3;32
263;BUCARAMANGA;2021;VILLA LUZ;A. RURAL;CORREG. 1;495;434;309;125;110;120;89;94;35;25;9;3;155
